Название товара,цена,ссылка на товар
Настольная лампа Машрум Gold,3290,https://www.divan.ru/tolyatti/product/nastolnaya-lampa-mashrum-gold
Торшер Билли Black,15390,https://www.divan.ru/tolyatti/product/torsher-billi-black
Подвесной светильник Бабл-9,17590,https://www.divan.ru/tolyatti/product/podvesnoj-svetilnik-babl-9
Торшер Бабл-1,6590,https://www.divan.ru/tolyatti/product/torsher-babl-1
Подвесной светильник Бабл-3,6590,https://www.divan.ru/tolyatti/product/podvesnoj-svetilnik-babl-3
Настольная лампа Дэнди Black,5050,https://www.divan.ru/tolyatti/product/nastolnaya-lampa-dendi-black
Настольная лампа Дэнди White,4390,https://www.divan.ru/tolyatti/product/nastolnaya-lampa-dendi-white
Торшер Варио White,6590,https://www.divan.ru/tolyatti/product/torsher-vario-white
Подвесной светильник Кэндел Black,2850,https://www.divan.ru/tolyatti/product/podvesnoj-svetilnik-kendel-black
Подвесной светильник Кэндел White,2190,https://www.divan.ru/tolyatti/product/podvesnoj-svetilnik-kendel-white
Торшер Вена Beige,9450,https://www.divan.ru/tolyatti/product/torsher-vena-beige
Настольная лампа Сфера Orange,5050,https://www.divan.ru/tolyatti/product/nastolnaya-lampa-sfera-orange
Торшер Осло Black,16490,https://www.divan.ru/tolyatti/product/torsher-oslo-black
Подвесной светильник Кая Black,2740,https://www.divan.ru/tolyatti/product/podvesnoj-svetilnik-kaya-black
Торшер Вена Black,10990,https://www.divan.ru/tolyatti/product/torsher-vena-black
Подвесной светильник Кая White,2740,https://www.divan.ru/tolyatti/product/podvesnoj-svetilnik-kaya-white
Торшер Осло White,16490,https://www.divan.ru/tolyatti/product/torsher-oslo-white
Настольная лампа Сканди White,4940,https://www.divan.ru/tolyatti/product/nastolnaya-lampa-skandi-white
Настольная лампа Гровер Glass,4390,https://www.divan.ru/tolyatti/product/nastolnaya-lampa-grover-glass
Настольная лампа Сфера Black,4390,https://www.divan.ru/tolyatti/product/nastolnaya-lampa-sfera-black
Настольная лампа Машрум Grey,3290,https://www.divan.ru/tolyatti/product/nastolnaya-lampa-mashrum-grey
Настольная лампа Спайк Orange,1090,https://www.divan.ru/tolyatti/product/nastolnaya-lampa-spajk-orange
Настольная лампа Спайк Green,1090,https://www.divan.ru/tolyatti/product/nastolnaya-lampa-spajk-green
Торшер Клауд White,15390,https://www.divan.ru/tolyatti/product/torsher-klaud-white
Настольная лампа Клауд White,9890,https://www.divan.ru/tolyatti/product/nastolnaya-lampa-klaud-white
Настольная лампа Рэй Black,3290,https://www.divan.ru/tolyatti/product/nastolnaya-lampa-rej-black
Настольная лампа Рэй White,3290,https://www.divan.ru/tolyatti/product/nastolnaya-lampa-rej-white
Торшер Рэй White,5050,https://www.divan.ru/tolyatti/product/torsher-rej-white
Торшер Рэй Black,5050,https://www.divan.ru/tolyatti/product/torsher-rej-black
Подвесной светильник Портланд Black,3510,https://www.divan.ru/tolyatti/product/podvesnoj-svetilnik-portland-black
Настольная лампа Гросс White,3290,https://www.divan.ru/tolyatti/product/nastolnaya-lampa-gross-white
Торшер Гросс White,5490,https://www.divan.ru/tolyatti/product/torsher-gross-white
Торшер Мун Black,5490,https://www.divan.ru/tolyatti/product/torsher-mun-black
Торшер Билли White,15390,https://www.divan.ru/tolyatti/product/torsher-billi-white
Торшер Варио Black,6590,https://www.divan.ru/tolyatti/product/torsher-vario-black
Настольная лампа Раффи Round,6370,https://www.divan.ru/tolyatti/product/nastolnaya-lampa-raffi-round
Торшер Раффи Round,9780,https://www.divan.ru/tolyatti/product/torsher-raffi-round
Бра Moderli Alina,3730,https://www.divan.ru/tolyatti/product/bra-moderli-alina
Подвесной светильник Маро Green,12860,https://www.divan.ru/tolyatti/product/podvesnoj-svetilnik-maro-green
Бра Tarbes-2,3620,https://www.divan.ru/tolyatti/product/bra-tarbes-2
Светильник потолочный Matthew,5490,https://www.divan.ru/tolyatti/product/svetilnik-potolochnyj-matthew
Настольная лампа Junior-4,3290,https://www.divan.ru/tolyatti/product/nastolnaya-lampa-junior-4
Торшер Шани Black,12530,https://www.divan.ru/tolyatti/product/torsher-shani-black
Настольная лампа Junior-3,4260,https://www.divan.ru/tolyatti/product/nastolnaya-lampa-junior-3
Настольная лампа Junior-1,4390,https://www.divan.ru/tolyatti/product/nastolnaya-lampa-junior-1
Подвесной светильник Milligan,6040,https://www.divan.ru/tolyatti/product/podvesnoj-svetilnik-milligan
Люстра Монти-3 White,10990,https://www.divan.ru/tolyatti/product/lyustra-monti-3-white
Настольная лампа Junior-2,3180,https://www.divan.ru/tolyatti/product/nastolnaya-lampa-junior-2
Настольная лампа Junior-3,3870,https://www.divan.ru/product/nastolnaya-lampa-junior-3
Настольная лампа Junior-1,3990,https://www.divan.ru/product/nastolnaya-lampa-junior-1
,5490,https://www.divan.ru/product/podvesnoj-svetilnik-milligan
,9990,https://www.divan.ru/product/lyustra-monti-3-white
,2890,https://www.divan.ru/product/nastolnaya-lampa-junior-2
,6990,https://www.divan.ru/product/torsher-duetto
,6530,https://www.divan.ru/product/nastolnaya-lampa-sphere
,19790,https://www.divan.ru/product/podvesnoj-svetilnik-layham
,15390,https://www.divan.ru/product/podvesnoj-svetilnik-townshend-4
,6590,https://www.divan.ru/product/bra-galdakao
,3390,https://www.divan.ru/product/podvesnoj-svetilnik-tureis
,9990,https://www.divan.ru/product/bra-moderli-birds-1
,3990,https://www.divan.ru/product/podvesnoj-svetilnik-daklin-white
,16490,https://www.divan.ru/product/torsher-luni-white
,14990,https://www.divan.ru/product/lyustra-monti-5-white
,16990,https://www.divan.ru/product/torsher-paolo-1
,5490,https://www.divan.ru/product/nastolnaya-lampa-townshend-5
,2390,https://www.divan.ru/product/spot-lajt-1-black
,5390,https://www.divan.ru/product/podvesnoj-svetilnik-limu-3-black
,5590,https://www.divan.ru/product/podvesnoj-svetilnik-moderli-libre
,4590,https://www.divan.ru/product/nastolnaya-lampa-layham
,18690,https://www.divan.ru/product/podvesnoj-svetilnik-chieveley
,1190,https://www.divan.ru/product/spot-minki-brown
,20390,https://www.divan.ru/product/lyustra-loreto-10-black
,2490,https://www.divan.ru/product/spot-lima-1-black
,5290,https://www.divan.ru/product/bra-cornus-silver
,3990,https://www.divan.ru/product/podvesnoj-svetilnik-volare
,7390,https://www.divan.ru/product/landshaftnyj-svetilnik-vizor-black
,5290,https://www.divan.ru/product/bra-bolla-unica
,6990,https://www.divan.ru/product/nastolnaya-lampa-mist-black
,14990,https://www.divan.ru/product/nastolnaya-lampa-palla-grey
,4990,https://www.divan.ru/product/podvesnoj-svetilnik-fols-white
,6490,https://www.divan.ru/product/lyustra-nejva-4-black
,2390,https://www.divan.ru/product/podvesnoj-svetilnik-lima-grafit
,4390,https://www.divan.ru/product/lyustra-albi-6-black
,11900,https://www.divan.ru/product/torsher-combo
,3690,https://www.divan.ru/product/podvesnoj-svetilnik-houl-grey
,2190,https://www.divan.ru/product/bra-aqua-bolla
,3690,https://www.divan.ru/product/nastolnaya-lampa-moderli-suspent
,2390,https://www.divan.ru/product/bra-limanj-black
,3290,https://www.divan.ru/product/podvesnoj-svetilnik-minki-2-brown
,3590,https://www.divan.ru/product/bra-belfast-single
,2790,https://www.divan.ru/product/bra-faro-black
,5790,https://www.divan.ru/product/bra-tarbes-1
,1190,https://www.divan.ru/product/podvesnoj-svetilnik-mistero-black
,4190,https://www.divan.ru/product/podvesnoj-svetilnik-sfera-1-black
,3990,https://www.divan.ru/product/bra-mostar-black
,1690,https://www.divan.ru/product/spot-minki-2-black
Подвесной светильник Минки-1 Grey,2890,https://www.divan.ru/product/podvesnoj-svetilnik-minki-1-grey
Люстра Кито-5 Black,7590,https://www.divan.ru/product/lyustra-kito-5-black
Подвесной светильник Moderli Zoe-2,8890,https://www.divan.ru/product/podvesnoj-svetilnik-moderli-zoe-2
Спот Лима-2 White,4590,https://www.divan.ru/product/spot-lima-2-white
Подвесной светильник Narices-1,26390,https://www.divan.ru/product/podvesnoj-svetilnik-narices-1
Подвесной светильник Снэки Grey,4390,https://www.divan.ru/product/podvesnoj-svetilnik-sneki-grey
Светильник потолочный Банджи White,7990,https://www.divan.ru/product/svetilnik-potolochnyj-bandji-white
Подвесной светильник Moderli Lewes,14390,https://www.divan.ru/product/podvesnoj-svetilnik-moderli-lewes
Спот Лима-1 White,2290,https://www.divan.ru/product/spot-lima-1-white
Люстра Лорето-10 White,6490,https://www.divan.ru/product/lyustra-loreto-10-white
Подвесной светильник Мирра-1 White,5090,https://www.divan.ru/product/podvesnoj-svetilnik-mirra-1-white
Подвесной светильник Эдли Beige,29690,https://www.divan.ru/product/podvesnoj-svetilnik-edli-beige
Настольная лампа Rodos,4990,https://www.divan.ru/product/nastolnaya-lampa-rodos
Люстра Леон-3 Black,7290,https://www.divan.ru/product/lyustra-leon-3-black
Подвесной светильник Milligan-1,16490,https://www.divan.ru/product/podvesnoj-svetilnik-milligan-1
Спот Лайт-2 Black,2990,https://www.divan.ru/product/spot-lajt-2-black
Подвесной светильник Минки White,2590,https://www.divan.ru/product/podvesnoj-svetilnik-minki-white
Светильник потолочный Линг White,7690,https://www.divan.ru/product/svetilnik-potolochnyj-ling-white
Бра Равелло Black,5890,https://www.divan.ru/product/bra-ravello-black
Люстра Нейва-8 Black,11790,https://www.divan.ru/product/lyustra-nejva-8-black
Подвесной светильник Минки Grey,2590,https://www.divan.ru/product/podvesnoj-svetilnik-minki-grey
Спот Лиманж-2 Black,4490,https://www.divan.ru/product/spot-limanj-2-black
Настольная лампа Альби White,2290,https://www.divan.ru/product/nastolnaya-lampa-albi-white
Настольная лампа Монтероло Middle,14990,https://www.divan.ru/product/nastolnaya-lampa-monterolo-middle
Подвесной светильник Снэки Brown,2490,https://www.divan.ru/product/podvesnoj-svetilnik-sneki-brown
Подвесной светильник Минки-2 Grey,3090,https://www.divan.ru/product/podvesnoj-svetilnik-minki-2-grey
Подвесной светильник Снэки-3 Brown,7090,https://www.divan.ru/product/podvesnoj-svetilnik-sneki-3-brown
Подвесной светильник Moderli Lia-2,5790,https://www.divan.ru/product/podvesnoj-svetilnik-moderli-lia-2
Подвесной светильник Нести White,5890,https://www.divan.ru/product/podvesnoj-svetilnik-nesti-white
Светильник потолочный Copter,6990,https://www.divan.ru/product/svetilnik-potolochnyj-copter
Люстра Фаро-5 Black,11700,https://www.divan.ru/product/lyustra-faro-5-black
Спот Минки Grey,1190,https://www.divan.ru/product/spot-minki-grey
Светильник потолочный Парма White,5090,https://www.divan.ru/product/svetilnik-potolochnyj-parma-white
Ландшафтный светильник Элси-1 Black,750,https://www.divan.ru/product/landshaftnyj-svetilnik-elsi-1-black
Подвесной светильник Паоли-1 Black,1200,https://www.divan.ru/product/podvesnoj-svetilnik-paoli-1-black
Бра Тренто White,2590,https://www.divan.ru/product/bra-trento-white
Настольная лампа Монтероло Small,8990,https://www.divan.ru/product/nastolnaya-lampa-monterolo-small
Люстра Белиз-12 Bronz,13490,https://www.divan.ru/product/lyustra-beliz-12-bronz
Настольная лампа Маннера Grey,6990,https://www.divan.ru/product/nastolnaya-lampa-mannera-grey
Подвесной светильник Корниш Beige,13190,https://www.divan.ru/product/podvesnoj-svetilnik-kornish-beige
Торшер Moderli Birds-1,15990,https://www.divan.ru/product/torsher-moderli-birds-1
Настольная лампа Narices,15390,https://www.divan.ru/product/nastolnaya-lampa-narices
Люстра Альби-5 Black,6190,https://www.divan.ru/product/lyustra-albi-5-black
Бра Белфаст Double,4590,https://www.divan.ru/product/bra-belfast-double
Бра Lubenham,7690,https://www.divan.ru/product/bra-lubenham
Подвесной светильник Минки Brown,2690,https://www.divan.ru/product/podvesnoj-svetilnik-minki-brown
Подвесной светильник Фаро White,5290,https://www.divan.ru/product/podvesnoj-svetilnik-faro-white
Подвесной светильник Телос White,2890,https://www.divan.ru/product/podvesnoj-svetilnik-telos-white
Спот Лайт-2 White,2990,https://www.divan.ru/product/spot-lajt-2-white
Бра Элси Black,890,https://www.divan.ru/product/bra-elsi-black
,12190,https://www.divan.ru/product/lyustra-fols-6-brown
,12390,https://www.divan.ru/product/podvesnoj-svetilnik-veno-5-black
,6090,https://www.divan.ru/product/podvesnoj-svetilnik-paoli-3-black
,9490,https://www.divan.ru/product/podvesnoj-svetilnik-moderli-alina
,2590,https://www.divan.ru/product/podvesnoj-svetilnik-minki-black
,790,https://www.divan.ru/product/svetilnik-potolochnyj-elsi-black
,3690,https://www.divan.ru/product/podvesnoj-svetilnik-faro-1-white
,12090,https://www.divan.ru/product/lyustra-pillar-6-black
,6990,https://www.divan.ru/product/nastolnaya-lampa-mannera-beige
,23490,https://www.divan.ru/product/torsher-moderli-birds-2
,6890,https://www.divan.ru/product/bra-rojl-black
,22990,https://www.divan.ru/product/nastolnaya-lampa-monterolo-large
,4990,https://www.divan.ru/product/svetilnik-potolochnyj-belfast-black
,13790,https://www.divan.ru/product/podvesnoj-svetilnik-moderli-host-2
,13190,https://www.divan.ru/product/podvesnoj-svetilnik-klifs-beige
,6990,https://www.divan.ru/product/bra-pinocchio
,1390,https://www.divan.ru/product/spot-olden-brown
,8700,https://www.divan.ru/product/podvesnoj-svetilnik-lajons-white
,9890,https://www.divan.ru/product/podvesnoj-svetilnik-santi-white
,2490,https://www.divan.ru/product/podvesnoj-svetilnik-minki-2-white
,12290,https://www.divan.ru/product/landshaftnyj-svetilnik-metropolis-2-brown
,4590,https://www.divan.ru/product/bra-sfera-1-black
,8700,https://www.divan.ru/product/podvesnoj-svetilnik-lajons-black
,8990,https://www.divan.ru/product/torsher-braccio
,10490,https://www.divan.ru/product/landshaftnyj-svetilnik-sirmion-black
,2990,https://www.divan.ru/product/podvesnoj-svetilnik-houl-brown
,1390,https://www.divan.ru/product/spot-minki-1-black
,13490,https://www.divan.ru/product/landshaftnyj-svetilnik-rojl-black
,5290,https://www.divan.ru/product/podvesnoj-svetilnik-pillar-3-black
,9290,https://www.divan.ru/product/podvesnoj-svetilnik-narices
,3790,https://www.divan.ru/product/podvesnoj-svetilnik-effi-grafit
,4690,https://www.divan.ru/product/lyustra-albi-3-black
,14890,https://www.divan.ru/product/bra-moderli-birds-2
,13990,https://www.divan.ru/product/torsher-pinocchio
,8390,https://www.divan.ru/product/landshaftnyj-svetilnik-metropolis-1-brown
,2090,https://www.divan.ru/product/podvesnoj-svetilnik-ellis-1-black
,3990,https://www.divan.ru/product/podvesnoj-svetilnik-daklin-red
,3090,https://www.divan.ru/product/podvesnoj-svetilnik-pajn-2-black
,2549,https://www.divan.ru/product/spot-dyuk-white
,1790,https://www.divan.ru/product/landshaftnyj-svetilnik-elsi-4-black
,2490,https://www.divan.ru/product/bra-visuale
,7890,https://www.divan.ru/product/podvesnoj-svetilnik-moderli-brizzi-2
,6990,https://www.divan.ru/product/landshaftnyj-svetilnik-ravello-1-black
,3690,https://www.divan.ru/product/landshaftnyj-svetilnik-lendskejp-black
,5290,https://www.divan.ru/product/podvesnoj-svetilnik-ellis-3-black
,7890,https://www.divan.ru/product/podvesnoj-svetilnik-dejl-3-brown
Подвесной светильник Мирра White,5090,https://www.divan.ru/product/podvesnoj-svetilnik-mirra-white
Подвесной светильник Минки-2 Black,3090,https://www.divan.ru/product/podvesnoj-svetilnik-minki-2-black
,5990,https://www.divan.ru/product/bra-metropolis-brown
,9890,https://www.divan.ru/product/landshaftnyj-svetilnik-donatori-2-black
,9590,https://www.divan.ru/product/lyustra-lima-5-black
,2590,https://www.divan.ru/product/bra-trento-black
,15990,https://www.divan.ru/product/podvesnoj-svetilnik-moderli-martin-2
,2790,https://www.divan.ru/product/podvesnoj-svetilnik-minki-1-black
,1990,https://www.divan.ru/product/bra-tehno-strikt-2-white
,4190,https://www.divan.ru/product/podvesnoj-svetilnik-belfast-black
,16490,https://www.divan.ru/product/torsher-chieveley
,8390,https://www.divan.ru/product/podvesnoj-svetilnik-moderli-arya-2
,11990,https://www.divan.ru/product/landshaftnyj-svetilnik-ravello-2-black
,4290,https://www.divan.ru/product/podvesnoj-svetilnik-kendi-red
,9090,https://www.divan.ru/product/landshaftnyj-svetilnik-hassaleh-black
,6290,https://www.divan.ru/product/podvesnoj-svetilnik-nesti-black
,3990,https://www.divan.ru/product/podvesnoj-svetilnik-daklin-black
,1290,https://www.divan.ru/product/spot-olden-white
,2490,https://www.divan.ru/product/bra-leon-black
,1190,https://www.divan.ru/product/podvesnoj-svetilnik-mistero-grey
,8790,https://www.divan.ru/product/lyustra-lima-5-white
,7990,https://www.divan.ru/product/torsher-priddy
,4890,https://www.divan.ru/product/spot-esteperra
,2490,https://www.divan.ru/product/podvesnoj-svetilnik-sneki-1-grey
,10990,https://www.divan.ru/product/landshaftnyj-svetilnik-belgrad-black
,5590,https://www.divan.ru/product/bra-donatori-black
,1790,https://www.divan.ru/product/spot-minki-2-brown
,1390,https://www.divan.ru/product/spot-minki-1-grey
,6990,https://www.divan.ru/product/podvesnoj-svetilnik-kendi-blue
,990,https://www.divan.ru/product/podvesnoj-svetilnik-albi-black
,6690,https://www.divan.ru/product/landshaftnyj-svetilnik-belfast-black
,1190,https://www.divan.ru/product/spot-minki-white
,9690,https://www.divan.ru/product/nastolnaya-lampa-moderli-birds-1
,7390,https://www.divan.ru/product/podvesnoj-svetilnik-sneki-5-grey
,890,https://www.divan.ru/product/landshaftnyj-svetilnik-elsi-3-black
,2990,https://www.divan.ru/product/podvesnoj-svetilnik-ridj-white
,6990,https://www.divan.ru/product/podvesnoj-svetilnik-kendi-yellow
,6390,https://www.divan.ru/product/landshaftnyj-svetilnik-donatori-1-black
,6890,https://www.divan.ru/product/podvesnoj-svetilnik-moderli-host-1
,1390,https://www.divan.ru/product/spot-minki-1-white
,2290,https://www.divan.ru/product/bra-lima-black
,2390,https://www.divan.ru/product/spot-lajt-1-white
,7590,https://www.divan.ru/product/torsher-moderli-floor-white
,6990,https://www.divan.ru/product/podvesnoj-svetilnik-kendi-orange
,1690,https://www.divan.ru/product/spot-minki-2-grey
,12390,https://www.divan.ru/product/podvesnoj-svetilnik-santi-black
,6990,https://www.divan.ru/product/nastolnaya-lampa-mannera-brown
,4320,https://www.divan.ru/product/podvesnoj-svetilnik-volare-1
Торшер Moderli Floor Black,7990,https://www.divan.ru/product/torsher-moderli-floor-black
Бра Сирмион Black,7690,https://www.divan.ru/product/bra-sirmion-black
,6990,https://www.divan.ru/product/podvesnoj-svetilnik-moderli-martin-1
,1190,https://www.divan.ru/product/podvesnoj-svetilnik-mistero-white
,2590,https://www.divan.ru/product/bra-mel-white
,9890,https://www.divan.ru/product/podvesnoj-svetilnik-priddy
,2790,https://www.divan.ru/product/podvesnoj-svetilnik-minki-1-white
,27490,https://www.divan.ru/product/torsher-moderli-birds-3
,2990,https://www.divan.ru/product/podvesnoj-svetilnik-minki-1-brown
,13990,https://www.divan.ru/product/bra-bufalata-black
,3990,https://www.divan.ru/product/bra-mostar-white
,2590,https://www.divan.ru/product/podvesnoj-svetilnik-pajn-black
,3490,https://www.divan.ru/product/nastolnaya-lampa-faro-black
,4190,https://www.divan.ru/product/lyustra-faro-2-black
,2590,https://www.divan.ru/product/spot-dyuk-black
,4390,https://www.divan.ru/product/nastolnaya-lampa-faro-white
,2990,https://www.divan.ru/product/podvesnoj-svetilnik-houl-white
,7690,https://www.divan.ru/product/svetilnik-potolochnyj-ling-black
,1290,https://www.divan.ru/product/spot-olden-grey
,4890,https://www.divan.ru/product/spot-lima-2-black
,12490,https://www.divan.ru/product/lyustra-djeomi-white
,7990,https://www.divan.ru/product/nastolnaya-lampa-olli-brass
,49090,https://www.divan.ru/product/lyustra-beliz-23-bronz
,1390,https://www.divan.ru/product/spot-minki-1-brown
,2790,https://www.divan.ru/product/podvesnoj-svetilnik-pajn-1-black
,1190,https://www.divan.ru/product/spot-minki-black
,2590,https://www.divan.ru/product/svetilnik-potolochnyj-lima-1-black
,1290,https://www.divan.ru/product/spot-olden-black
,8290,https://www.divan.ru/product/spot-lima-4-white
,9090,https://www.divan.ru/product/spot-lima-4-black
,5190,https://www.divan.ru/product/lyustra-krou-3-white
,6490,https://www.divan.ru/product/podvesnoj-svetilnik-faro-3-white
,7790,https://www.divan.ru/product/spot-limanj-4-black
,2290,https://www.divan.ru/product/podvesnoj-svetilnik-paoli-white
,9190,https://www.divan.ru/product/nastolnaya-lampa-devi-white
,2790,https://www.divan.ru/product/podvesnoj-svetilnik-korsi-grafit
,2290,https://www.divan.ru/product/bra-tehno-strikt-2-grey
,3090,https://www.divan.ru/product/bra-tehno-strikt-1-grey
,3090,https://www.divan.ru/product/bra-brik-black
,3090,https://www.divan.ru/product/bra-brik-white
,6390,https://www.divan.ru/product/landshaftnyj-svetilnik-tehno-1-black
,2390,https://www.divan.ru/product/spot-lajt-1-grey
,10990,https://www.divan.ru/product/landshaftnyj-svetilnik-sfera-1-black
,5690,https://www.divan.ru/product/landshaftnyj-svetilnik-tehno-2-black
,5190,https://www.divan.ru/product/bra-germes-black
,3090,https://www.divan.ru/product/bra-tehno-strikt-1-white
,3290,https://www.divan.ru/product/bra-tehno-2-black
,3190,https://www.divan.ru/product/bra-tehno-1-black
