name,price,url
Настольная лампа Машрум Gold,3290,/tolyatti/product/nastolnaya-lampa-mashrum-gold
Торшер Билли Black,15 390,/tolyatti/product/torsher-billi-black
Подвесной светильник Бабл-9,17 590,/tolyatti/product/podvesnoj-svetilnik-babl-9
Торшер Бабл-1,6590,/tolyatti/product/torsher-babl-1
Подвесной светильник Бабл-3,6590,/tolyatti/product/podvesnoj-svetilnik-babl-3
Настольная лампа Дэнди Black,5050,/tolyatti/product/nastolnaya-lampa-dendi-black
Настольная лампа Дэнди White,4390,/tolyatti/product/nastolnaya-lampa-dendi-white
Торшер Варио White,6590,/tolyatti/product/torsher-vario-white
Подвесной светильник Кэндел Black,2850,/tolyatti/product/podvesnoj-svetilnik-kendel-black
Подвесной светильник Кэндел White,2190,/tolyatti/product/podvesnoj-svetilnik-kendel-white
,,/tolyatti/category/sad-i-dacha
Торшер Вена Beige,9450,/tolyatti/product/torsher-vena-beige
Настольная лампа Сфера Orange,5050,/tolyatti/product/nastolnaya-lampa-sfera-orange
Торшер Осло Black,16 490,/tolyatti/product/torsher-oslo-black
Подвесной светильник Кая Black,2740,/tolyatti/product/podvesnoj-svetilnik-kaya-black
Торшер Вена Black,10 990,/tolyatti/product/torsher-vena-black
Подвесной светильник Кая White,2740,/tolyatti/product/podvesnoj-svetilnik-kaya-white
Торшер Осло White,16 490,/tolyatti/product/torsher-oslo-white
Настольная лампа Сканди White,4940,/tolyatti/product/nastolnaya-lampa-skandi-white
Настольная лампа Гровер Glass,4390,/tolyatti/product/nastolnaya-lampa-grover-glass
Настольная лампа Сфера Black,4390,/tolyatti/product/nastolnaya-lampa-sfera-black
Настольная лампа Машрум Grey,3290,/tolyatti/product/nastolnaya-lampa-mashrum-grey
Настольная лампа Спайк Orange,1090,/tolyatti/product/nastolnaya-lampa-spajk-orange
Настольная лампа Спайк Green,1090,/tolyatti/product/nastolnaya-lampa-spajk-green
Торшер Клауд White,15 390,/tolyatti/product/torsher-klaud-white
Настольная лампа Клауд White,9890,/tolyatti/product/nastolnaya-lampa-klaud-white
Настольная лампа Рэй Black,3290,/tolyatti/product/nastolnaya-lampa-rej-black
Настольная лампа Рэй White,3290,/tolyatti/product/nastolnaya-lampa-rej-white
Торшер Рэй White,5050,/tolyatti/product/torsher-rej-white
Торшер Рэй Black,5050,/tolyatti/product/torsher-rej-black
Подвесной светильник Портланд Black,3510,/tolyatti/product/podvesnoj-svetilnik-portland-black
Настольная лампа Гросс White,3290,/tolyatti/product/nastolnaya-lampa-gross-white
Торшер Гросс White,5490,/tolyatti/product/torsher-gross-white
Торшер Мун Black,5490,/tolyatti/product/torsher-mun-black
Торшер Билли White,15 390,/tolyatti/product/torsher-billi-white
Торшер Варио Black,6590,/tolyatti/product/torsher-vario-black
Настольная лампа Раффи Round,6370,/tolyatti/product/nastolnaya-lampa-raffi-round
Торшер Раффи Round,9780,/tolyatti/product/torsher-raffi-round
Бра Moderli Alina,3730,/tolyatti/product/bra-moderli-alina
Подвесной светильник Маро Green,12 860,/tolyatti/product/podvesnoj-svetilnik-maro-green
Бра Tarbes-2,3620,/tolyatti/product/bra-tarbes-2
Светильник потолочный Matthew,5490,/tolyatti/product/svetilnik-potolochnyj-matthew
Настольная лампа Junior-4,3290,/tolyatti/product/nastolnaya-lampa-junior-4
Торшер Шани Black,12 530,/tolyatti/product/torsher-shani-black
Настольная лампа Junior-3,4260,/tolyatti/product/nastolnaya-lampa-junior-3
Настольная лампа Junior-1,4390,/tolyatti/product/nastolnaya-lampa-junior-1
Подвесной светильник Milligan,6040,/tolyatti/product/podvesnoj-svetilnik-milligan
Люстра Монти-3 White,10 990,/tolyatti/product/lyustra-monti-3-white
Настольная лампа Junior-2,3180,/tolyatti/product/nastolnaya-lampa-junior-2
